"ID","Description","GeneRatio","BgRatio","RichFactor","FoldEnrichment","zScore","pvalue","p.adjust","qvalue","geneID","Count","direction","comparison"
"GO:0031346","positive regulation of cell projection organization",0.0425531914893617,0.0161563743297007,0.535331905781585,2.6338329764454,17.9784610487229,1.61378005505336e-57,3.43358603046853e-54,1.55489123900931e-54,"Cdkl5/Adnp/P2ry12/Tox/Ndnf/Tenm1/Atp8a2/Cnr1/Wnt5a/Robo1/Zfp804a/Ttbk2/Cflar/Wasl/Trpc5/Nlgn1/Bmpr2/Reln/Tgfbr1/Map3k13/Skil/Akap5/Atp7a/Arhgap32/Elavl4/Dock11/Map1b/Robo2/Dnm3/Zeb2/Prkci/Plxnc1/Tnik/Marcks/Itpr1/Gsk3b/Sema5a/Fmr1/Abl2/Hsp90aa1/Arhgap35/Ngf/Caprin1/Dcx/Fut9/Kidins220/Ep300/Wnt3/Negr1/Dscam/Pik3r1/Serpini1/Tmem30a/Ccdc88a/Lrp6/Setx/Atp1b2/Magi2/Plxna2/Arsb/Anln/Sema4d/Gpm6a/Septin7/Tiam1/Epha4/Plce1/Atf1/Ptprf/Plxna4/Ntrk2/Snap91/Stk24/Efemp1/Ppp1r9a/Ptprz1/Ptpn5/Dcc/Abi2/Htr7/Tenm3/Golga4/Lrrc7/Plxna1/Dnm1l/Il1rapl1/Auts2/Aqp1/Afdn/Cntn1/Fn1/Tmem106b/Fbxo38/Rapgef2/Ptprd/Nrxn1/Bcl11a/Pum2/Bhlhb9/Dpysl3/Pak3/Shoc2/Wasf2/Zmynd8/Serpinf1/Map6/Grip1/Igf1r/Itgb1/Dmd/Clip1/Dvl3/Nin/Dixdc1/Twf1/Slitrk1/Opa1/Bmp7/Camk1d/Hspa5/Ube2v2/Nf1/Htt/Acsl6/Ptk2b/Rala/Adamts1/Epha3/Pafah1b1/Ccp110/Sirt1/Lyn/Nckap1/Prkd1/Cyfip1/Washc5/Kif3c/Lrp8/Amigo1/Eif4g2/Nck1/Coro1c/Ranbp1/Ppp1r35/Braf/Enc1/Actr3/Pak1/Mtor/Zdhhc15/Dhx36/Plppr5/Kalrn/Cd24a/Pacsin1/Picalm/Hdac4/Tapt1/Mapt/Cbfa2t2/Eps8/Ss18l1/Islr2/Camk2b/Nfe2l2/Arpc2/Trim67/Rufy3/Golga2/Pias2/Ift88/Abl1/Vldlr/Rnd2/Tbc1d24/Smurf1/Nedd9/Itga6/Fzd4/Rab8b/Creb3l2/Cx3cl1/Camk1/Srf/Kat2b/Atmin/Gdi1/Ndrg4/Ripor2/Grn/Mark4/Cep135/Sh3glb1/Cdkl3/Fig4/Fgfr1/Apc/Anapc2/Nrp1/Scarb2/Bdnf/Ahi1/Ache/Cux2/Agt/Stau2/Hnrnpk/Cep120/Rgma/Fam98a/Ndel1/Nefl/Sf3a2/Bmp4/Cask/Trak1/Ntrk3/L1cam/Cdc42ep2/Actr2/Sema7a/Macf1/Ptbp1/Dnm2/Mark2/Dbn1/Nptn/Cul7/Def8/Ezh2/Ppp2r5b/Tiam2/Rab21/Map2k1/Ephb2/Cfl1/Fnbp1l/Ist1/Kdm1a/Flna/Ntn1/Plxnb1/Ppp2r5d/Fyn/Rapgef1/Stmn2/Tsc2/Snx3/Ikbkb/Baiap2",250,"Up","Oil - OPFR"
"GO:0050767","regulation of neurogenesis",0.0425531914893617,0.0170904687770282,0.506072874493927,2.48987854251012,16.8696868373093,1.74854568891689e-51,1.86016118872608e-48,8.4236955469575e-49,"Ccr5/Acan/Cdkl5/Adnp/Sema3c/Ntf3/Bmal1/Wnt5a/Tnr/Robo1/Lig4/Mme/Trpc5/Dlx2/Sema3d/Bmpr2/Sema3e/Reln/Ascl1/Cx3cr1/Notch1/Map3k13/Skil/Slit2/Akap5/Arhgap32/Map1b/Hey2/Robo2/Prox1/Grm5/Zeb2/Sox11/Prkci/Plxnc1/Sema4c/Tnik/Pcm1/Marcks/Vcan/Hltf/Gsk3b/Sema5a/Fmr1/Nkx2-2/Nos1/Spen/Ngf/Caprin1/Dcx/Pten/Cit/Hapln1/Ep300/Wnt3/Epha7/Trp53/Hook3/Ulk2/Mecp2/Mycn/Dscam/Fzd3/Csf1r/Fgfr3/Trim32/Sorl1/Plxna2/Slit1/Sema4d/Tiam1/Epha4/Dab1/Ptprf/Dag1/D130043K22Rik/Plxna4/Ntrk2/Snap91/Daam2/Synj1/Nog/Il6st/Ptprz1/Hif1a/Kras/Brinp1/Trp73/Kifap3/Dpysl5/Golga4/Ythdf2/Plxna1/Prtg/Dnm1l/Il1rapl1/Foxg1/Afdn/Fn1/Rapgef2/Ptprd/Bcl11a/Bhlhb9/Ptpra/Mapk8/Pak3/Serpinf1/Map6/Grip1/Itgb1/E2f1/Rtn4/Map2/Syngap1/Nin/Dixdc1/Slitrk1/Opa1/Bmp7/Ifrd1/Sox8/B2m/Nf1/Ski/Pafah1b1/Lyn/Dusp10/Syt4/Cyfip1/Id4/Fstl4/Id2/Lrp8/Amigo1/Eif4g2/Idh2/Braf/Nap1l1/Actr3/Arhgap4/Pak1/Sox2/Mtor/Hapln2/Rb1/Etv5/Ptk2/Dhx36/Kalrn/Cd24a/Rnf6/Picalm/Sema5b/Ufl1/Zcchc24/Ulk1/Bmpr1a/Mapt/Ss18l1/Spart/Islr2/Camk2b/Hdac2/Rufy3/Golga2/Pias2/Egfr/Rnd2/Tbc1d24/Fgf13/Ttc3/Smurf1/Rgs14/Man2a1/Thy1/Fzd4/Fezf2/Cx3cl1/Ywhah/Il34/Srf/Gdi1/Prune1/Star/Dlx1/Sh3glb1/Cdkl3/Dip2b/Anapc2/Nrp1/Bdnf/Myrf/Rela/Ache/Ppp3ca/Ncan/Ctnnb1/Cux2/Shank3/Kdm4a/Stau2/Rgma/Ndel1/Nefl/Dicer1/Sox10/Sema4b/Bmp4/Cask/Nr2e1/Trak1/Ntrk3/L1cam/Actr2/Sema7a/Macf1/Atxn1/Dbn1/Nptn/Cul7/Ezh2/Chd7/Tiam2/Fxr1/Rab21/Mbd1/Map2k1/Notch2/Sema6d/Sema6b/Xrcc4/Ephb2/Srrt/Rheb/Ist1/Sema4g/Tgm2/Lrp4/Hey1/Kdm1a/Ntn1/Plxnb1/Ptprs/Tsc2/Xrcc2/Pax6/Jade2/Hes1/Zfp365/Baiap2",250,"Up","Oil - OPFR"
"GO:0030900","forebrain development",0.0379574468085106,0.0147725307040304,0.522248243559719,2.56946135831382,16.5023488211668,5.53704065079524e-49,4.41786630925325e-46,2.00062021408996e-46,"P2ry12/Itgam/Tox/Inhba/Ndnf/Wnt5a/Tnr/Robo1/Arx/Usp9x/Ttbk2/Tbr1/Aldh1a2/Dlx2/Epha5/Erbb4/Sema3e/Reln/Ascl1/Pou3f4/Fktn/Notch1/Atrx/Nrg3/Slit2/Sall1/Nr2f2/Atp7a/Elavl4/Cdh2/Pgap1/Nrp2/Mfsd2a/Robo2/Prox1/Agtpbp1/Sall3/Plcb1/Zeb2/Pcm1/Kcna1/Mrtfb/Gsk3b/Sema5a/Dclk1/Bcl11b/Arhgap35/Dcx/Uba6/Cntnap2/Pten/Emx2/Scyl2/Zic1/Hook3/Ncor1/Prdm8/Slc4a10/Csf1r/Sox1/Dnah5/Fgfr3/Tacc1/Adgrg1/Lrp6/Mettl14/Srgap2/Myh10/Atp1b2/Scn2a/Slit1/Gli2/Zbtb18/Dab1/Top2b/Dmxl2/Neurod6/Plxna4/Ntrk2/Nog/Ndst1/Btbd3/Zswim6/Creb1/Kif3a/Dlx5/Hif1a/Kras/Chrnb2/Prkg1/Trp73/Kdm2b/Ccdc141/Neurod1/Plxna1/Tacc2/Fgf10/Aqp1/Foxg1/Afdn/Nfix/Rapgef2/Slitrk5/Arid1a/E2f1/Rtn4/Dlc1/Nr4a2/Wdr37/Nin/Dixdc1/Herc1/Socs7/Pcnt/Pou3f2/Cul5/Slc1a2/Celf1/B2m/Nf1/Htt/Drd1/Nfib/Setd2/Large1/Ski/Ywhae/Pafah1b1/Bhlhe22/Id4/Id2/Otx1/Lrp8/Akna/Mdga1/Pou3f3/Ncor2/Coro1c/Dclk2/Lamb1/Gnaq/Fut10/Mrtfa/Crk/Frs2/Rab3gap1/Pak1/Sox2/Aplp2/Uchl5/Atp1a3/Smarca4/Bmpr1a/Sin3a/Lhx6/Nr4a3/Kif21b/Ttc21b/Hdac2/Rpgrip1l/Ift88/Fbxo45/Egfr/Crkl/Fgf13/Kif1a/Zmiz1/Wdr47/Fat4/Fezf2/Rbpj/Srf/Slc7a11/Dlx1/D16Ertd472e/Fgfr1/Nrp1/Bloc1s6/Tmem108/Kdm6b/Kcnq2/Ctnnb1/Akirin2/Ephb3/Shank3/Hprt1/Hnrnpk/Cep120/Ndel1/Dicer1/Bmp4/Mboat7/App/Nr2e1/Mapk8ip3/Sema7a/Lrrk2/Chd7/Pex5/Fxr1/Cdk5r2/Nde1/Tctn1/Sema6b/Ephb2/Mcph1/Chd5/Kif26a/Kdm1a/Pomt2/Fyn/Bbs2/Ptprs/Syne2/Atp1a2/Emx1/Twsg1/Sun1/Nars1/Cdk5r1/Dync2h1/Pax6/Hes1",223,"Up","Oil - OPFR"
"GO:0016358","dendrite development",0.0359148936170213,0.0113475177304965,0.643292682926829,3.165,19.9169322429101,1.00912990456347e-67,6.44127618082861e-64,2.91691654519082e-64,"Cdkl5/Wnt5a/Robo1/Wasl/Trpc5/Nlgn1/Epha5/Reln/Acsl4/Akap5/Atp7a/Elavl4/Map1b/Tet1/Mfsd2a/Cpeb3/Dnm3/Strn/Camsap2/Hecw2/Tnik/Klf7/Marcks/Gsk3b/Dclk1/Fmr1/Abl2/Caprin1/Arc/Dcx/Uba6/Kidins220/Cntnap2/Pten/Cit/Mef2a/Shank1/Mecp2/Rock2/Ube3a/Dscam/Csmd3/Dock10/Kndc1/Nedd4l/Srgap2/Arid1b/Crebbp/Sema4d/Septin7/Tiam1/Epha4/Spire1/Dab1/Ptprf/D130043K22Rik/Pbrm1/Ntrk2/Ppp1r9a/Dlg5/Fat3/Btbd3/Ptprz1/Abi2/Chrnb2/Prkg1/Chrna7/Dpysl5/Abi1/Cacna1a/Tanc2/Dnm1l/Il1rapl1/Grin3a/Afdn/Arhgap44/Tmem106b/Slc25a46/Rapgef2/Ptprd/Bcl11a/Slitrk5/Bhlhb9/Mapk8/Pak3/Nedd4/Zmynd8/Nlgn3/Mef2c/Mapk6/Map6/Grip1/Itgb1/Mpdz/Map2/Syngap1/Clip1/Adam10/Itsn1/Opa1/Bmp7/Rap2a/Camk1d/Dcdc2a/Rere/Pak2/Adgrb3/Pafah1b1/Iqsec1/Sipa1l1/Cyfip1/Fstl4/Lrp8/Slc9a6/Eif4g2/Actr3/Crk/Pak1/Mink1/Ppp1r9b/Mtor/Zdhhc15/Dhx36/Kalrn/Pacsin1/Picalm/Sarm1/Dgkg/Ppfia2/Hecw1/Prex2/Pdlim5/Ctnnd2/Map1a/Ss18l1/Cc2d1a/Camk2b/Hdac2/Pias2/Abl1/Vldlr/Tbc1d24/Ntn3/Crkl/Kif1a/Zfp212/Mark1/Fzd4/Nr3c1/Fezf2/Nlgn2/Ywhah/Camk1/Celsr2/Arhgap33/Grn/Sh3glb1/D16Ertd472e/Cdkl3/Abitram/Igsf9/Anapc2/Nrp1/Bdnf/Rbfox2/Prickle1/Sez6/Ache/Ctnna2/Taok2/Ppp3ca/Asap1/Cux2/Sdc2/Ephb3/Shank3/Farp1/Hprt1/Gsk3a/Arf4/Prex1/Stau2/Hnrnpk/Camk2a/Cask/App/Nr2e1/Trak1/Actr2/Nck2/Dbn1/Dip2a/Cul7/Lrrk2/Ezh2/Slc12a5/Rab21/Srcin1/Ephb2/Cfl1/Lrp4/Ntn1/Fyn/Ptprs/Mapk8ip2/Tsc2/Plk2/Cdk5r1/Arf1/Zfp365/Baiap2",211,"Up","Oil - OPFR"
"GO:0051962","positive regulation of nervous system development",0.0357446808510638,0.0135616675315689,0.535714285714286,2.63571428571429,16.4689140840372,1.62377954378099e-48,1.15162053643934e-45,5.21508611371065e-46,"Acan/Cdkl5/Adnp/Ntf3/Wnt5a/Robo1/Lig4/Mme/Trpc5/St8sia2/Nlgn1/Prkca/Bmpr2/Reln/Ascl1/Adgrl3/Cx3cr1/Notch1/Map3k13/Skil/Flrt2/Slit2/Akap5/Arhgap32/Map1b/Lrrtm2/Robo2/Grm5/Zeb2/Sox11/Prkci/Plxnc1/Tnik/Marcks/Slitrk4/Vcan/Gsk3b/Sema5a/Fmr1/Nkx2-2/Spen/Ngf/Caprin1/Oxtr/Flrt3/Dcx/Hapln1/Ep300/Amigo2/Wnt3/Mecp2/Dscam/Slitrk3/Pik3r1/Fzd3/Csf1r/Trim32/Plxna2/Sema4d/Tiam1/Epha4/Ptprf/Dag1/Plxna4/Ntrk2/Snap91/Lrrn1/Synj1/Dlg5/Il1rap/Nog/Il6st/Ptprz1/Hif1a/Kras/Trp73/Golga4/Plxna1/Slitrk2/Dnm1l/Il1rapl1/Foxg1/Afdn/Fn1/Ptprd/Nrxn1/Bcl11a/Slitrk5/Bhlhb9/Ptpra/Mapk8/Pak3/Nlgn3/Serpinf1/Map6/Grip1/Itgb1/E2f1/Rtn4/Clstn2/Nin/Dixdc1/Slitrk1/Opa1/Sox8/Ube2v2/Adgrb3/Pafah1b1/Lyn/Lrrtm4/Cyfip1/Id4/Id2/Lrp8/Amigo1/Lingo2/Eif4g2/Braf/Nap1l1/Actr3/Pak1/Sox2/Mtor/Hapln2/Etv5/Ptk2/Dhx36/Grid2/Kalrn/Picalm/Ufl1/Mapt/Ss18l1/Islr2/Camk2b/Hdac2/Rufy3/Golga2/Pias2/Lrrn3/Egfr/Rnd2/Tbc1d24/Smurf1/Rgs14/Man2a1/Fzd4/Cx3cl1/Nlgn2/Lrrc24/Il34/Srf/Gdi1/Star/Sh3glb1/Lrtm2/Adgrl1/Cdkl3/Anapc2/Nrp1/Bdnf/Myrf/Rela/Ache/Ncan/Ctnnb1/Cux2/Ephb3/Shank3/Stau2/Ndel1/Nefl/Dicer1/Sox10/Cask/Nr2e1/Trak1/Ntrk3/L1cam/Actr2/Sema7a/Macf1/Atxn1/Dbn1/Nptn/Cul7/Asic2/Tiam2/Fxr1/Rab21/Map2k1/Notch2/Syndig1/Xrcc4/Clstn3/Ephb2/Srrt/Rheb/Ist1/Tgm2/Kdm1a/Lrrtm3/Ntn1/Plxnb1/Xrcc2/Pax6/Jade2/Hes1/Zfp365/Baiap2",210,"Up","Oil - OPFR"
"GO:0050803","regulation of synapse structure or activity",0.0331914893617021,0.0109669607334371,0.615141955835962,3.02649842271293,18.3239861656057,5.11104180281955e-58,1.63118899136986e-54,7.38680041607498e-55,"Slc17a8/Cdkl5/Adnp/Wnt5a/Robo1/Zfp804a/Cntnap4/Wasl/St8sia2/Nlgn1/Prkca/Reln/Adgrl3/Elavl2/Flrt2/Slit2/Cdh2/Frmpd4/Nrp2/Mdga2/Lrrtm2/Cdh8/Dnm3/Grin2b/Plxnc1/Gpr158/Marcks/Slitrk4/Ptpro/Gsk3b/Tanc1/Fmr1/Caprin1/Oxtr/Arc/Flrt3/Pten/Amigo2/Epha7/Negr1/Mecp2/Rock2/Ube3a/Slitrk3/Pik3r1/Shank2/Nrcam/Myh10/Dgkb/Magi2/Sema4d/Gpm6a/Tiam1/Epha4/Eif4g1/Ptprf/Dag1/Rock1/Ntrk2/Snap91/Lrrn1/Ppp1r9a/Dlg5/Il1rap/Setd5/Ptprt/Abi2/Chrnb2/Chrna7/Tanc2/Slitrk2/Dnm1l/Il1rapl1/Afdn/Arhgap44/Ptprd/Nrxn1/Slitrk5/Bhlhb9/Pak3/Homer1/Nedd4/Zmynd8/Nlgn3/Mef2c/Lrfn3/Itgb1/Syngap1/Clstn2/Adam10/Itsn1/Pcdh8/Sparcl1/Slitrk1/Opa1/Rap2a/Ube2v2/Nf1/Ptk2b/Malat1/Adgrb3/Pafah1b1/Sipa1l1/Lrrtm4/Cyfip1/Cntnap1/Lrp8/Ywhaz/Amigo1/Lingo2/Vps35/Mdga1/Neurod2/Rims4/Lrfn1/Actr3/Zdhhc15/Etv5/Ptk2/Dhx36/Grid2/Kalrn/Hspa8/Picalm/Ppfia2/Pdlim5/Cttnbp2/Camk2b/Lrrn3/Abl1/Chd4/Ogt/Kif1a/Lrfn5/Nedd9/Nlgn2/Camk1/Slc17a6/Lrrc24/Arhgap33/Slc7a11/Chmp2b/Lrtm2/Adgrl1/Igsf9/C1ql3/Anapc2/Bdnf/Lhfpl4/Ctnna2/Taok2/Asap1/Ncan/Ctnnb1/Cux2/Ephb3/Shank3/Farp1/Arf4/Stau2/Hnrnpk/Abhd17b/Snca/Icam5/Nefl/Cask/Rps6ka5/App/Ntrk3/Actr2/Hnrnpm/Mark2/Dbn1/Lrrk2/Asic2/Mycbp2/Srcin1/Syndig1/Egln1/Clstn3/Grid1/Ephb2/Cfl1/Rheb/Lrp4/Lrrtm3/Nectin1/Ntn1/Fyn/Ptprs/Rhob/Tsc2/Cdk5r1/Sybu/Baiap2",195,"Up","Oil - OPFR"
"GO:0050807","regulation of synapse organization",0.0325106382978723,0.0106901920083031,0.618122977346278,3.04116504854369,18.2196764111705,2.51207348121166e-57,4.0086412576435e-54,1.81530362615979e-54,"Cdkl5/Adnp/Wnt5a/Robo1/Zfp804a/Cntnap4/Wasl/St8sia2/Nlgn1/Prkca/Reln/Adgrl3/Elavl2/Flrt2/Slit2/Cdh2/Frmpd4/Nrp2/Mdga2/Lrrtm2/Cdh8/Dnm3/Grin2b/Plxnc1/Gpr158/Marcks/Slitrk4/Ptpro/Gsk3b/Tanc1/Fmr1/Caprin1/Oxtr/Arc/Flrt3/Pten/Amigo2/Epha7/Negr1/Mecp2/Rock2/Ube3a/Slitrk3/Pik3r1/Shank2/Nrcam/Myh10/Dgkb/Magi2/Sema4d/Gpm6a/Tiam1/Epha4/Eif4g1/Ptprf/Dag1/Rock1/Ntrk2/Snap91/Lrrn1/Ppp1r9a/Dlg5/Il1rap/Setd5/Ptprt/Abi2/Chrnb2/Chrna7/Tanc2/Slitrk2/Dnm1l/Il1rapl1/Afdn/Arhgap44/Ptprd/Nrxn1/Slitrk5/Bhlhb9/Pak3/Homer1/Nedd4/Zmynd8/Nlgn3/Mef2c/Lrfn3/Itgb1/Clstn2/Adam10/Itsn1/Pcdh8/Sparcl1/Slitrk1/Opa1/Rap2a/Ube2v2/Nf1/Ptk2b/Malat1/Adgrb3/Pafah1b1/Sipa1l1/Lrrtm4/Cyfip1/Cntnap1/Lrp8/Ywhaz/Amigo1/Lingo2/Vps35/Mdga1/Neurod2/Rims4/Lrfn1/Actr3/Zdhhc15/Etv5/Ptk2/Dhx36/Grid2/Kalrn/Hspa8/Picalm/Ppfia2/Pdlim5/Cttnbp2/Camk2b/Lrrn3/Abl1/Chd4/Ogt/Kif1a/Lrfn5/Nedd9/Nlgn2/Camk1/Lrrc24/Arhgap33/Slc7a11/Chmp2b/Lrtm2/Adgrl1/Igsf9/C1ql3/Anapc2/Bdnf/Lhfpl4/Ctnna2/Taok2/Asap1/Ncan/Ctnnb1/Cux2/Ephb3/Shank3/Farp1/Arf4/Stau2/Hnrnpk/Abhd17b/Snca/Icam5/Nefl/Cask/Rps6ka5/App/Ntrk3/Actr2/Hnrnpm/Mark2/Dbn1/Lrrk2/Asic2/Mycbp2/Srcin1/Syndig1/Egln1/Clstn3/Grid1/Ephb2/Cfl1/Rheb/Lrp4/Lrrtm3/Nectin1/Ntn1/Fyn/Ptprs/Rhob/Tsc2/Cdk5r1/Baiap2",191,"Up","Oil - OPFR"
"GO:0060560","developmental growth involved in morphogenesis",0.028936170212766,0.0100328662861097,0.586206896551724,2.88413793103448,16.2873623126747,1.33793254583649e-46,8.54002344007429e-44,3.86732923249157e-44,"Ccr5/Cdkl5/Adnp/Sema3c/Wnt5a/Tnr/Robo1/Usp9x/Trpc5/St8sia2/Cpne9/Sema3d/Bmpr2/Sema3e/Itsn2/Notch1/Map3k13/Slit2/Sall1/Arhgap32/Map1b/Nrp2/Zeb2/Sema4c/Gsk3b/Sema5a/Dclk1/Kif26b/Ngf/Flrt3/Dcx/Pten/Ep300/Wnt3/Epha7/Ulk2/Mecp2/Dscam/Raph1/Plaa/Nedd4l/Csf1r/Lrp6/Slit3/Cyfip2/Slit1/Sema4d/Septin7/Tiam1/Spry2/Sox9/D130043K22Rik/Plxna4/Spag6l/Spag9/Kdm5b/Tmtc3/Epb41l5/Prkg1/Golga4/Plxna1/Fgf10/Auts2/Wasf1/Afdn/Vcl/Fn1/Nfix/Bcl11a/Pum2/Cadm1/Rims2/Omg/Rims1/Nlgn3/Med1/Itgb1/Rtn4/Map2/Spry1/Nin/Ifrd1/Cpne1/Ttl/Ppp2r3a/Pafah1b1/Rarg/C9orf72/Syt4/Cyfip1/Fstl4/Slc9a6/Eif4g2/Fmn1/Actr3/Slc12a2/Arhgap4/Clasp2/Pak1/Fgf1/Rnf6/Picalm/Vangl2/Sema5b/Cttn/Nrn1/Ulk1/Sin3a/Mapt/Spart/Islr2/Tnc/Itga4/Rufy3/Abl1/Rnd2/Sh3gl2/Fgf13/Ttc3/Smurf1/Cd2ap/Zfp568/Srf/Gdi1/Sh3glb1/Cdkl3/Dip2b/Anapc2/Nrp1/Bdnf/Prickle1/Tmem108/Ctnnb1/Hnrnpk/Rgma/Ndel1/Csf1/Syt1/Sema4b/Bmp4/Slc23a2/Rdh10/App/Ntrk3/L1cam/Sema7a/Macf1/Pak6/Dnm2/Dbn1/Ahr/Rab21/Rnf157/Unc13a/Sema6d/Sema6b/Clstn3/Cfl1/Ist1/Wdr36/Sema4g/Eif2ak4/Kdm1a/Cacng7/Ntn1/Ptprs/Tgfbr2/Emx1/Nkd1/Jade2",170,"Up","Oil - OPFR"
"GO:0099173","postsynapse organization",0.0277446808510638,0.00882200311364816,0.63921568627451,3.14494117647059,17.3763719497006,5.60558422229496e-52,7.15608881818175e-49,3.24061774198357e-49,"Cdkl5/Wnt5a/Zfp804a/Wasl/Nlgn1/Epha5/Reln/Nptxr/Adgrl3/Shisa6/Frrs1l/Cnksr2/Cdh2/Frmpd4/Nrp2/Lrrtm2/Dnm3/Grin2b/Marcks/Tanc1/Abl2/Caprin1/Arc/Cntnap2/Insr/Pten/Shank1/Epha7/Rock2/Arhgef9/Ube3a/Slitrk3/Dock10/Shank2/Nrxn3/Nrcam/Myh10/Dgkb/Dlg2/Magi2/Myo9a/Septin7/Tiam1/Epha4/Ptprf/Ppp1r9a/Dlg5/Il1rap/Abi2/Chrna7/Tanc2/Dnm1l/Il1rapl1/Lrrc4/Afdn/Arhgap44/Ptprd/Grin2a/Nrxn1/Bhlhb9/Pak3/Cadm1/Glrb/Homer1/Sorbs1/Wasf2/Zmynd8/Nlgn3/Igf1r/Itgb1/Shisa7/Syngap1/Adam10/Itsn1/Rph3a/Opa1/Gphn/Nf1/Ptk2b/Pafah1b1/Nos1ap/Sipa1l1/Ssh1/Lrrtm4/Cntnap1/Lrp8/Vps35/Stk38l/Lgmn/Mtmr2/Lrfn1/Actr3/Crk/Zdhhc15/Etv5/Dhx36/Grid2/Kalrn/Hspa8/Sptbn2/Snx27/Ppfia2/Cttn/Pdlim5/Ezr/Ctnnd2/Camk2b/Ckap5/Nrxn2/Sh3gl2/Crkl/Kif1a/Nptx1/Arhgef7/Nedd9/Nlgn2/Arhgap33/Slc7a11/Chmp2b/C1ql3/Nrp1/Lhfpl4/Arhgap39/Iqsec3/Tmem108/Taok2/Asap1/Ncan/Cux2/Ephb3/Shank3/Farp1/Arf4/Stau2/Hnrnpk/Abhd17b/Cask/Rps6ka5/App/Sorbs2/Ntrk3/Actr2/Hnrnpm/Mark2/Dbn1/Dip2a/Lrrk2/Rer1/Srcin1/Grid1/Ephb2/Cfl1/Mesd/Rheb/Lrp4/Fyn/Ptprs/Tsc2/Cdk5r1/Mpp2/Arf1/Zfp365/Baiap2",163,"Up","Oil - OPFR"
"GO:0048813","dendrite morphogenesis",0.0228085106382979,0.00667704549385919,0.694300518134715,3.4159585492228,17.0087481830419,3.03310106593555e-49,2.76575487198094e-46,1.25246549279083e-46,"Cdkl5/Wnt5a/Robo1/Wasl/Trpc5/Nlgn1/Epha5/Reln/Akap5/Atp7a/Elavl4/Tet1/Dnm3/Hecw2/Tnik/Klf7/Marcks/Gsk3b/Dclk1/Abl2/Caprin1/Arc/Dcx/Kidins220/Cntnap2/Pten/Cit/Mef2a/Shank1/Rock2/Ube3a/Dscam/Dock10/Kndc1/Nedd4l/Sema4d/Septin7/Tiam1/Epha4/Ptprf/Ppp1r9a/Btbd3/Ptprz1/Abi2/Chrnb2/Chrna7/Dpysl5/Abi1/Cacna1a/Tanc2/Dnm1l/Il1rapl1/Afdn/Arhgap44/Tmem106b/Rapgef2/Ptprd/Slitrk5/Bhlhb9/Mapk8/Pak3/Nedd4/Nlgn3/Map6/Grip1/Itgb1/Adam10/Opa1/Rap2a/Dcdc2a/Rere/Adgrb3/Pafah1b1/Sipa1l1/Lrp8/Actr3/Mink1/Zdhhc15/Dhx36/Kalrn/Picalm/Sarm1/Ppfia2/Hecw1/Prex2/Pdlim5/Ctnnd2/Ss18l1/Cc2d1a/Camk2b/Pias2/Vldlr/Tbc1d24/Kif1a/Fzd4/Ywhah/Celsr2/Arhgap33/Sh3glb1/Cdkl3/Abitram/Anapc2/Nrp1/Rbfox2/Ache/Ctnna2/Taok2/Ppp3ca/Cux2/Sdc2/Ephb3/Shank3/Farp1/Hprt1/Stau2/Camk2a/Cask/Nr2e1/Trak1/Actr2/Dbn1/Dip2a/Cul7/Lrrk2/Rab21/Srcin1/Ephb2/Cfl1/Lrp4/Fyn/Mapk8ip2/Cdk5r1/Zfp365/Baiap2",134,"Up","Oil - OPFR"
"GO:0022613","ribonucleoprotein complex biogenesis",0.0421232876712329,0.0152914720636568,0.556561085972851,2.75469147089816,18.7059699238565,1.83646972626956e-61,1.17607521270303e-57,7.47539834893093e-58,"Pelp1/Mdn1/Ipo9/Isg20l2/Rbfa/Rexo4/Usp4/Brix1/Ddx54/Sf3a3/Exosc6/Nip7/Rrn3/Rbmx/Utp15/U2af2/Mybbp1a/Prpf6/Ebna1bp2/Celf3/Adar/Nup88/Tma16/Ran/Celf6/Ltv1/Ftsj3/Cinp/Prpf3/Trmt112/Riok2/Sdad1/2810004N23Rik/Rpp30/Utp4/Snrpd3/Mrm3/Exosc10/Rbm10/Atr/Nsa2/Ddx56/Mpv17l2/Utp11/Slx9/Puf60/Lsm4/Airim/Ybey/Wdr18/Srsf6/Wbp11/Exosc1/Exosc2/Pop4/Aar2/Grwd1/Ruvbl1/Gtf3a/Utp25/Mphosph6/Sart3/Rsrp1/Fbll1/Mrm1/Prpf19/Zcchc4/Emg1/Ddx31/Heatr3/Utp14a/Nol9/Malsu1/Sart1/Ddx49/Mettl16/Gemin2/Rps6/Rps27l/Urb1/Xab2/Sbds/Noa1/Ngrn/Lsg1/Ercc2/Nifk/Eri3/Coil/Rnasel/Gemin5/Snu13/Mcts1/Nhp2/LTO1/Eral1/Nol6/Ptges3/Taf9/Mrpl20/Rsl1d1/Mrpl44/Smn1/Prmt5/Traf7/Nol10/Pwp2/Snrpd1/Exosc9/Riok3/C1qbp/Ddx51/Nsun4/Noc2l/Eif2s2/Ddx39b/Ppan/Pin4/Heatr1/Suv39h1/Prpf31/Nop16/Nop56/Rsl24d1/Nufip1/Rrp15/Rrp7a/Clns1a/Lsm6/Ddx47/Rrp1b/Rps15a/Gtf2h5/Pop5/Snrpb/Fbl/Pak1ip1/Lsm2/Sfswap/Mrto4/Rps27/Eif3d/Pes1/Las1l/Eif2d/Zfp622/Gemin8/Xrcc5/Ngdn/Rpl11/Ramac/Rps17/Pop7/Noc4l/Znhit3/Nle1/Rbis/Pih1d1/Nsun5/Rpl7a/Polr2d/Exosc7/Ddx18/Bop1/Rps3a1/Rpusd1/Nop10/Zfp593/Mrps7/Rpl27/Nob1/Bud23/Pdcd11/Rpl7/Tbl3/Prmt7/Rrp36/Nop9/Gemin4/C1d/Fcf1/Rpl5/Exosc5/Wdr46/Exosc8/Rpl7l1/Exosc4/Mrm2/Wdr74/Rpsa/Prkdc/Mettl17/Imp3/Rpl35/Rpp25/Riox2/Ddx28/Nol7/Rplp0/Ruvbl2/Mrpl10/Nop53/Rps23/Rps13/Rps21/Snrpe/Tssc4/Snrpc/Gemin7/Rrp9/Rpl35a/Rps12/Rps25/Rps7/Rps16/Eif6/Gar1/Rpl23a/Rps5/Sirt7/Rps9/Npm3/Nol3/Rpl10/Rpl24/Rpl13a/Rps24/Rpl10a/Fau/Rpp38/Rpl14/Rpusd4/Snrpg/Tsr3/Rps28/Rps8/Tarbp2/Rps19bp1/Rps14/Rps15/Rpl38/Rps11/Srpk3/Rps19/Rpl6/Snrpd2",246,"Down","Oil - OPFR"
"GO:0006091","generation of precursor metabolites and energy",0.0412671232876712,0.0168828922331777,0.493852459016393,2.44431598079946,16.1916714295055,1.0226921999668e-47,1.09155347476457e-44,6.93815918819585e-45,"Fkrp/Rhoa/Dlst/Mfn2/Slc2a6/Gpi1/Gapdh/Eno2/Gaa/Grb10/Mybbp1a/Flcn/Tkfc/Aco2/Idh3b/Phka1/Prkaca/Mlx/Idh3a/Coq7/Pfkfb2/Bid/Pdhb/Cs/Prdm16/Plec/Igf1/Por/Fh1/Akt2/Ndufa1/Gnpda1/Uqcrc1/Prps2/Ldha/Stk40/Pgam1/Adpgk/Pkm/Ppp1ca/Ndufa9/Acat1/Idh3g/Myc/Atp5f1b/Cat/Thap11/Mtfr1l/Ifnar1/Tcf7l2/Atp5pb/H6pd/Adh5/Vcp/Ogdh/Ndufv2/Mlst8/Inpp5k/Tkt/Mrps36/Uqcrfs1/Etfrf1/Fdx1/Git1/Gyg1/Ndufc2/Chchd4/Cxxc5/Nr1d1/Pfkl/Psen1/Cox7a2l/Ppara/Tpi1/Sdhaf2/Ndufs2/Atpsckmt/Cbfa2t3/Nipsnap2/Macroh2a1/Aldoc/Prelid1/Slc25a33/Galk1/Ppp1r3f/Jmjd8/Phb2/Uqcc3/Rpia/Trap1/Dhtkd1/Ptges3/Atp5f1d/Mdh1/Kl/Phka2/Dnajc15/Cox10/Ndufa8/Pink1/Akt1/Ppif/Suclg1/Afg1l/Pygb/Vgf/Ndufb10/Cyc1/Slc37a4/Pgk1/Cox8a/Ndufs4/Lyrm7/Sdhc/Dnajc30/Slc25a25/Galt/Mc4r/Sdhd/Gnas/Ndufa12/Pgf/Sirt3/Uqcr11/Aldoa/Ndufs6/Chchd10/Cox7a2/Dgat1/G6pdx/Atp5f1c/Gadd45gip1/Il10rb/Ak4/Atp5pd/Aldh1l1/Adsl/Chchd2/Ndufab1/Trpv4/Sirt6/Ugp2/Mtln/Stoml2/Hsd11b1/Ndufb4/P2rx7/Bax/Pde2a/Ppp1cc/Gale/Pgam2/Adgrf5/Mt3/Ndor1/Mdh2/Ndufa6/Pygm/Cox7b/Per2/Acacb/Ndufv1/Park7/Phkg2/Shpk/Ndufb5/Cox17/Cox5a/Ndufa10/Ndufa3/Oxa1l/Suclg2/Phkg1/Eno1/Atp5po/Comt/Ndufb2/Etfa/Sdhb/Ppp1r3g/Ppp1r1a/Coa6/S100b/Ndufb6/Fxn/Khk/Pgls/Coq10b/Cox6a2/Ndufa11/Hmgcl/Atp5pf/Nop53/Ndufb11/Ddit4/Cox5b/Ndufb8/Eno3/Chchd5/Cox6a1/Ndufa13/Shmt2/Gapdhs/Ucp2/Taldo1/Cisd1/Arl2/Ndufs3/Slc25a18/Ndufb9/Uqcr10/Atp5mf/Ndufs7/Dguok/Ndufs8/Eif6/Uqcc2/Cox4i1/Cox7c/Tefm/Uqcrh/Ndufa5/Etfb/Ndufv3/Ndufa4/Ndp/Iscu/Ndufa7/Ndufc1/Ide/Sdhaf4/Bloc1s1/Cavin3/Ndufb7/Ndufa2/Aldob/Atp5f1e/Uqcrq/Col6a1/Atp5me/Nupr1",241,"Down","Oil - OPFR"
"GO:0034470","ncRNA processing",0.0381849315068493,0.0142189932537623,0.542579075425791,2.68548770122988,17.3172312800479,3.40788585343202e-53,7.27470033512622e-50,4.62396301586724e-50,"Pelp1/Tgfb1/Zmpste24/Rbfa/Rexo4/Brix1/Ddx54/Exosc6/Utp15/Nsun2/Ebna1bp2/Adar/Rnf113a2/Aars1/Ints4/Rtcb/Ftsj3/Trmt112/Riok2/Ints11/Ripk1/Trub2/Rpp30/Elp1/Utp4/Mrm3/Exosc10/Ints3/Nsa2/Ddx56/Utp11/Ints5/Slx9/Tsen34/Ybey/Wdr18/Tprkb/Pus3/Wbp11/Exosc1/Mettl8/Fars2/Exosc2/Mocs3/Pop4/Ncbp2/Yrdc/Utp25/Mettl1/Mphosph6/Tsn/Trmt5/Wdr6/Fbll1/Mrm1/Osgep/Zcchc4/Zc3h7a/Emg1/Trmt1l/Utp14a/Nol9/Sart1/Tut1/Ftsj1/Adat1/Ddx49/Mettl16/Trpt1/Rps6/Urb1/Tsen2/Sbds/Alkbh1/Ercc2/Nifk/Pus10/Eri3/Rnasel/Snu13/Nhp2/Pus7/Rpp25l/Nol6/Hsd17b10/Parn/Rsl1d1/Mrpl44/Trmt2a/Nol10/Akt1/Larp7/Pwp2/Exosc9/Rtraf/Riok3/Trmt61a/Ddx51/Nsun4/Sars1/Ints1/Ppan/Pin4/Heatr1/Suv39h1/Pop1/Zcchc8/Rrp15/Rrp7a/Trmt10a/Lsm6/Ddx47/Rrp1b/Gtf2h5/Nsun6/Pop5/Gtpbp3/Snip1/Fbl/Srsf3/Tdrd7/Dus1l/Dtwd1/Mettl2/Lage3/Mrto4/Rps27/Pes1/Rnf113a1/Las1l/Mettl3/Toe1/Ints7/Ngdn/Rpl11/Rps17/Urm1/Dalrd3/Pop7/Znhit3/Elac2/Mto1/Tyw1/Pih1d1/Usb1/Nsun5/Rpl7a/Exosc7/Ddx18/Bop1/Pusl1/Rpusd1/Elp3/Nop10/Rpl27/Nob1/Bud23/Pdcd11/Rpl7/Trit1/Tbl3/Rrp36/Rpp21/Nop9/Spout1/C1d/Fcf1/Rpl5/Trmt1/Ctu2/Exosc5/Wdr46/Trmu/Dus3l/Wdr4/Exosc8/Rpl7l1/Exosc4/Mrm2/Wdr74/Prkdc/Cdk5rap1/Ptcd1/Imp3/Rpl35/Ankrd16/Rpp25/Qng1/Elp6/Bcdin3d/Nol7/Tsen15/Ctu1/Gon7/Nop53/Tsen54/Rps21/Dus2/Elp5/Rrp9/Rpl35a/Rps25/Rps7/Rps16/Eif6/Gar1/Sirt7/Npm3/Rps24/Rpl10a/Rpp38/Rpl14/Rpusd4/Qtrt1/Rbm3/Tsr3/Rps28/Rps8/Trmt44/Tarbp2/Rps15/Dus4l/Rps19",223,"Down","Oil - OPFR"
"GO:0042254","ribosome biogenesis",0.0327054794520548,0.0110707490053624,0.596875,2.95422463613014,17.6884200601447,2.42320358704491e-54,7.75909788571782e-51,4.93185698479089e-51,"Pelp1/Mdn1/Ipo9/Isg20l2/Rbfa/Rexo4/Brix1/Ddx54/Exosc6/Nip7/Rrn3/Utp15/Mybbp1a/Ebna1bp2/Nup88/Tma16/Ran/Ltv1/Ftsj3/Cinp/Trmt112/Riok2/Sdad1/2810004N23Rik/Rpp30/Utp4/Mrm3/Exosc10/Rbm10/Nsa2/Ddx56/Mpv17l2/Utp11/Slx9/Airim/Ybey/Wdr18/Wbp11/Exosc1/Exosc2/Pop4/Grwd1/Gtf3a/Utp25/Mphosph6/Fbll1/Mrm1/Zcchc4/Emg1/Ddx31/Heatr3/Utp14a/Nol9/Malsu1/Sart1/Ddx49/Mettl16/Rps6/Rps27l/Urb1/Sbds/Noa1/Ngrn/Lsg1/Ercc2/Nifk/Eri3/Rnasel/Snu13/Nhp2/LTO1/Eral1/Nol6/Mrpl20/Rsl1d1/Mrpl44/Traf7/Nol10/Pwp2/Exosc9/Riok3/C1qbp/Ddx51/Nsun4/Noc2l/Ppan/Pin4/Heatr1/Suv39h1/Nop16/Nop56/Rsl24d1/Rrp15/Rrp7a/Lsm6/Ddx47/Rrp1b/Rps15a/Gtf2h5/Pop5/Fbl/Pak1ip1/Mrto4/Rps27/Pes1/Las1l/Zfp622/Xrcc5/Ngdn/Rpl11/Rps17/Pop7/Noc4l/Znhit3/Nle1/Rbis/Pih1d1/Nsun5/Rpl7a/Exosc7/Ddx18/Bop1/Rps3a1/Rpusd1/Nop10/Zfp593/Mrps7/Rpl27/Nob1/Bud23/Pdcd11/Rpl7/Tbl3/Rrp36/Nop9/C1d/Fcf1/Rpl5/Exosc5/Wdr46/Exosc8/Rpl7l1/Exosc4/Mrm2/Wdr74/Rpsa/Prkdc/Mettl17/Imp3/Rpl35/Rpp25/Riox2/Ddx28/Nol7/Rplp0/Mrpl10/Nop53/Rps23/Rps13/Rps21/Rrp9/Rpl35a/Rps12/Rps25/Rps7/Rps16/Eif6/Gar1/Rpl23a/Rps5/Sirt7/Rps9/Npm3/Rpl10/Rpl24/Rps24/Rpl10a/Fau/Rpp38/Rpl14/Rpusd4/Tsr3/Rps28/Rps8/Rps19bp1/Rps14/Rps15/Rpl38/Rps11/Rps19/Rpl6",191,"Down","Oil - OPFR"
"GO:0015980","energy derivation by oxidation of organic compounds",0.0311643835616438,0.0121432278152569,0.518518518518518,2.566400304414,14.8570131538889,5.54613684414749e-40,5.0739229071315e-37,3.22509942501028e-37,"Rhoa/Dlst/Mfn2/Gaa/Grb10/Mybbp1a/Flcn/Aco2/Idh3b/Phka1/Prkaca/Idh3a/Coq7/Bid/Pdhb/Cs/Prdm16/Plec/Igf1/Fh1/Akt2/Ndufa1/Uqcrc1/Ldha/Stk40/Ppp1ca/Ndufa9/Idh3g/Myc/Atp5f1b/Cat/Mtfr1l/Ifnar1/Tcf7l2/Atp5pb/Vcp/Ogdh/Ndufv2/Inpp5k/Mrps36/Uqcrfs1/Etfrf1/Gyg1/Ndufc2/Chchd4/Nr1d1/Cox7a2l/Sdhaf2/Ndufs2/Atpsckmt/Cbfa2t3/Nipsnap2/Macroh2a1/Prelid1/Slc25a33/Ppp1r3f/Uqcc3/Trap1/Dhtkd1/Ptges3/Atp5f1d/Mdh1/Kl/Phka2/Dnajc15/Cox10/Ndufa8/Pink1/Akt1/Ppif/Suclg1/Afg1l/Pygb/Ndufb10/Cyc1/Slc37a4/Cox8a/Ndufs4/Lyrm7/Sdhc/Dnajc30/Slc25a25/Mc4r/Sdhd/Gnas/Ndufa12/Pgf/Sirt3/Uqcr11/Ndufs6/Chchd10/Cox7a2/Atp5f1c/Gadd45gip1/Il10rb/Ak4/Atp5pd/Adsl/Chchd2/Ndufab1/Trpv4/Ugp2/Mtln/Stoml2/Ndufb4/Bax/Pde2a/Ppp1cc/Adgrf5/Mt3/Mdh2/Ndufa6/Pygm/Cox7b/Per2/Ndufv1/Park7/Phkg2/Ndufb5/Cox5a/Ndufa10/Ndufa3/Oxa1l/Suclg2/Phkg1/Atp5po/Comt/Ndufb2/Etfa/Sdhb/Ppp1r3g/Ppp1r1a/Coa6/S100b/Ndufb6/Fxn/Khk/Coq10b/Cox6a2/Ndufa11/Atp5pf/Nop53/Ndufb11/Cox5b/Ndufb8/Chchd5/Cox6a1/Ndufa13/Shmt2/Cisd1/Arl2/Ndufs3/Slc25a18/Ndufb9/Uqcr10/Atp5mf/Ndufs7/Dguok/Ndufs8/Uqcc2/Cox4i1/Cox7c/Tefm/Uqcrh/Ndufa5/Etfb/Ndufv3/Ndp/Iscu/Ndufa7/Ndufc1/Ide/Sdhaf4/Bloc1s1/Cavin3/Ndufb7/Ndufa2/Atp5f1e/Uqcrq/Col6a1/Atp5me/Nupr1",182,"Down","Oil - OPFR"
"GO:0045333","cellular respiration",0.0251712328767123,0.00882200311364816,0.576470588235294,2.85323327961321,14.9570703351046,1.38002705293391e-39,1.1047116558736e-36,7.0217955443361e-37,"Rhoa/Dlst/Mfn2/Mybbp1a/Flcn/Aco2/Idh3b/Prkaca/Idh3a/Coq7/Bid/Pdhb/Cs/Prdm16/Plec/Fh1/Ndufa1/Uqcrc1/Ndufa9/Idh3g/Myc/Atp5f1b/Cat/Mtfr1l/Ifnar1/Atp5pb/Vcp/Ogdh/Ndufv2/Mrps36/Uqcrfs1/Etfrf1/Ndufc2/Chchd4/Cox7a2l/Sdhaf2/Ndufs2/Atpsckmt/Cbfa2t3/Nipsnap2/Macroh2a1/Prelid1/Slc25a33/Uqcc3/Trap1/Dhtkd1/Atp5f1d/Mdh1/Dnajc15/Cox10/Ndufa8/Pink1/Akt1/Ppif/Suclg1/Afg1l/Ndufb10/Cyc1/Cox8a/Ndufs4/Lyrm7/Sdhc/Dnajc30/Slc25a25/Sdhd/Ndufa12/Sirt3/Uqcr11/Ndufs6/Chchd10/Cox7a2/Atp5f1c/Gadd45gip1/Il10rb/Ak4/Atp5pd/Adsl/Chchd2/Ndufab1/Trpv4/Mtln/Stoml2/Ndufb4/Bax/Pde2a/Mdh2/Ndufa6/Cox7b/Ndufv1/Park7/Ndufb5/Cox5a/Ndufa10/Ndufa3/Oxa1l/Suclg2/Atp5po/Ndufb2/Etfa/Sdhb/Coa6/Ndufb6/Fxn/Coq10b/Cox6a2/Ndufa11/Atp5pf/Nop53/Ndufb11/Cox5b/Ndufb8/Chchd5/Cox6a1/Ndufa13/Shmt2/Cisd1/Arl2/Ndufs3/Slc25a18/Ndufb9/Uqcr10/Atp5mf/Ndufs7/Dguok/Ndufs8/Uqcc2/Cox4i1/Cox7c/Tefm/Uqcrh/Ndufa5/Etfb/Ndufv3/Ndp/Iscu/Ndufa7/Ndufc1/Ide/Sdhaf4/Bloc1s1/Ndufb7/Ndufa2/Atp5f1e/Uqcrq/Col6a1/Atp5me/Nupr1",147,"Down","Oil - OPFR"
"GO:0009060","aerobic respiration",0.0214041095890411,0.00688462203770974,0.628140703517588,3.10897380739313,15.0217334795984,2.89492478204936e-39,2.05989981158267e-36,1.30931861195145e-36,"Rhoa/Dlst/Mfn2/Aco2/Idh3b/Idh3a/Coq7/Bid/Pdhb/Cs/Fh1/Ndufa1/Uqcrc1/Ndufa9/Idh3g/Myc/Atp5f1b/Cat/Mtfr1l/Atp5pb/Vcp/Ogdh/Ndufv2/Mrps36/Uqcrfs1/Ndufc2/Cox7a2l/Sdhaf2/Ndufs2/Atpsckmt/Cbfa2t3/Nipsnap2/Macroh2a1/Slc25a33/Uqcc3/Dhtkd1/Atp5f1d/Mdh1/Dnajc15/Cox10/Ndufa8/Pink1/Akt1/Ppif/Suclg1/Afg1l/Ndufb10/Cyc1/Cox8a/Ndufs4/Sdhc/Dnajc30/Sdhd/Ndufa12/Sirt3/Uqcr11/Ndufs6/Chchd10/Cox7a2/Atp5f1c/Gadd45gip1/Ak4/Atp5pd/Adsl/Chchd2/Ndufab1/Trpv4/Stoml2/Ndufb4/Pde2a/Mdh2/Ndufa6/Cox7b/Ndufv1/Park7/Ndufb5/Cox5a/Ndufa10/Ndufa3/Oxa1l/Suclg2/Atp5po/Ndufb2/Sdhb/Coa6/Ndufb6/Fxn/Cox6a2/Ndufa11/Atp5pf/Nop53/Ndufb11/Cox5b/Ndufb8/Cox6a1/Ndufa13/Shmt2/Arl2/Ndufs3/Ndufb9/Uqcr10/Atp5mf/Ndufs7/Dguok/Ndufs8/Uqcc2/Cox4i1/Cox7c/Tefm/Uqcrh/Ndufa5/Ndufv3/Ndp/Iscu/Ndufa7/Ndufc1/Ide/Bloc1s1/Ndufb7/Ndufa2/Atp5f1e/Uqcrq/Col6a1/Atp5me/Nupr1",125,"Down","Oil - OPFR"
"GO:0140053","mitochondrial gene expression",0.0212328767123288,0.0057775471371735,0.74251497005988,3.67506767287343,17.445097732439,3.44334319084738e-51,4.41023395883732e-48,2.80324381452775e-48,"Yars2/Ptcd3/Mrpl34/Fastkd5/Fastkd3/Mrpl19/Mrpl50/Mrpl22/Rpusd3/Mrps25/Trub2/Mrps17/Mrpl35/Mpv17l2/Wars2/Mettl4/Thap11/Mettl8/Mrps33/Trmt5/Mrps26/Mrpl46/Mtres1/Malsu1/Mrpl57/Ears2/Mtrf1l/Rars2/Mrpl41/Mrpl49/Slc25a33/Tbrg4/Alkbh1/Ngrn/Mtrf1/Mrpl15/Gatb/Hsd17b10/Polrmt/Mrpl20/Mrpl44/Mrpl48/Gars1/Aars2/Mrps10/Mrps30/Mrpl21/Mrpl37/C1qbp/Mrps27/Nsun4/Mrpl42/Mrpl51/Iars2/Mrps35/Mtg1/Mrps12/Mrpl27/Sirt3/Fastk/Twnk/Mrps9/Aurkaip1/Mrpl24/Mrpl17/Mrpl16/Chchd10/Dars2/Mrpl45/Gadd45gip1/Mrpl9/Mrpl47/Mrps28/Elac2/Mto1/Mrpl11/Mrps15/Sars2/Mrps18c/Mrps34/Coa3/Mrps6/Mrps22/Mrps7/Mrps14/Mrps18a/Mrpl32/Mrpl13/Qrsl1/Trit1/Dap3/Mrpl28/Mrpl2/Mrpl38/Mrpl55/Tsfm/Cdk5rap1/Mrps16/Ptcd1/Mrpl53/Rcc1l/Mrps23/Mrpl10/Mrpl58/Mrpl23/Mrpl36/Mrpl54/Mrpl4/Mrpl40/Shmt2/Mrpl43/Chchd1/Mrps24/Mrps21/Mrpl12/Uqcc2/Tefm/Mrps11/Mrpl52/Rpusd4/Mrpl30/Ndufa7/Mtg2/Mrpl33",124,"Down","Oil - OPFR"
"GO:0006399","tRNA metabolic process",0.0203767123287671,0.00650406504065041,0.632978723404255,3.13291952054795,14.7636087632313,6.26176674150963e-38,4.01003542126277e-35,2.54886863046503e-35,"Yars2/Nsun2/Eprs1/Nars2/Aars1/Rtcb/Trmt112/Trub2/Rpp30/Elp1/Exosc10/Wars2/Tsen34/Tprkb/Pus3/Mettl8/Fars2/Exosc2/Mocs3/Pop4/Yrdc/Dtd2/Mettl1/Trmt5/Wdr6/Osgep/Polr3d/Kars1/Trmt1l/Pars2/Ears2/Ftsj1/Adat1/Trpt1/Rars2/Tsen2/Alkbh1/Pus10/Farsa/Gatb/Dtd1/Pus7/Rpp25l/Hsd17b10/Gars1/Aars2/Trmt2a/Akt1/Exosc9/Rtraf/Zcchc7/Trmt61a/Nsun4/Farsb/Sars1/Pop1/Lrrc47/Trmt10a/Iars2/Lsm6/Nsun6/Pop5/Gtpbp3/Dus1l/Dtwd1/Mettl2/Lage3/Aarsd1/Lars1/Dars2/Urm1/Dalrd3/Pop7/Vars1/Elac2/Mto1/Tyw1/Mars1/Polr2e/Sars2/Exosc7/Pusl1/Elp3/Vars2/Qrsl1/Trit1/Polr3e/Rpp21/Polr2f/Trmt1/Ctu2/Trmu/Dus3l/Wdr4/Tars2/Exosc8/Yars1/Cdk5rap1/Ptcd1/Ankrd16/Rpp25/Qng1/Trp53rka/Elp6/Bcdin3d/Tsen15/Ctu1/Cars2/Gon7/Tsen54/Dus2/Polr2l/Elp5/Rpp38/Rpusd4/Qtrt1/Trmt44/Dus4l/Cars1",119,"Down","Oil - OPFR"
"GO:0032543","mitochondrial translation",0.0183219178082192,0.00449749178342847,0.823076923076923,4.07380795574289,17.6745924617997,2.86950290182796e-52,4.59407414582656e-49,2.92009676878124e-49,"Yars2/Ptcd3/Mrpl34/Fastkd3/Mrpl19/Mrpl50/Mrpl22/Rpusd3/Mrps25/Trub2/Mrps17/Mrpl35/Mpv17l2/Wars2/Mettl8/Mrps33/Mrps26/Mrpl46/Malsu1/Mrpl57/Ears2/Mtrf1l/Rars2/Mrpl41/Mrpl49/Alkbh1/Ngrn/Mtrf1/Mrpl15/Gatb/Mrpl20/Mrpl44/Mrpl48/Gars1/Aars2/Mrps10/Mrps30/Mrpl21/Mrpl37/C1qbp/Mrps27/Nsun4/Mrpl42/Mrpl51/Iars2/Mrps35/Mtg1/Mrps12/Mrpl27/Mrps9/Aurkaip1/Mrpl24/Mrpl17/Mrpl16/Dars2/Mrpl45/Gadd45gip1/Mrpl9/Mrpl47/Mrps28/Mrpl11/Mrps15/Sars2/Mrps18c/Mrps34/Coa3/Mrps6/Mrps22/Mrps7/Mrps14/Mrps18a/Mrpl32/Mrpl13/Qrsl1/Dap3/Mrpl28/Mrpl2/Mrpl38/Mrpl55/Tsfm/Cdk5rap1/Mrps16/Ptcd1/Mrpl53/Rcc1l/Mrps23/Mrpl10/Mrpl58/Mrpl23/Mrpl36/Mrpl54/Mrpl4/Mrpl40/Shmt2/Mrpl43/Chchd1/Mrps24/Mrps21/Mrpl12/Uqcc2/Mrps11/Mrpl52/Rpusd4/Mrpl30/Ndufa7/Mtg2/Mrpl33",107,"Down","Oil - OPFR"
